{"cameraMode":{"drawMode":0,"name":"Shaded","section":"Shading Mode"},"sceneLighting":false,"audioPlay":false,"sceneViewState":{"m_AlwaysRefresh":false,"showFog":true,"showSkybox":false,"showFlares":true,"showImageEffects":true,"showParticleSystems":true,"showVisualEffectGraphs":true,"m_FxEnabled":true},"in2DMode":false,"pivot":{"x":-0.2500842213630676,"y":1.1919022798538209,"z":25.276819229125978},"rotation":{"x":-0.00846789125353098,"y":0.9458224773406982,"z":-0.02437114156782627,"w":-0.32338976860046389},"size":1.0835191011428834,"orthographic":false}